<?xml version="1.0" encoding="utf-8"?>

<extension version="3.9.0" type="plugin" group="system" method="upgrade">
    <name>PLG_SYSTEM_SORTBYFIELD</name>
    <version>1.0.0</version>
    <creationDate>2020-12-29</creationDate>

    <author>Nicholas K. Dionysopoulos</author>
    <authorEmail>no-reply@dionysopoulos.me</authorEmail>
    <authorUrl>https://www.dionysopoulos.me</authorUrl>

    <copyright>Copyright (c)2020-2021 Nicholas K. Dionysopoulos</copyright>
    <license>GNU GPL v3 or later</license>

    <description>PLG_SYSTEM_SORTBYFIELD_XML_DESC</description>

    <files>
        <filename plugin="sortbyfield">sortbyfield.php</filename>
        <folder>library</folder>

        <filename>.htaccess</filename>
        <filename>web.config</filename>
    </files>

    <languages folder="language">
        <language tag="en-GB">en-GB/en-GB.plg_system_sortbyfield.ini</language>
        <language tag="en-GB">en-GB/en-GB.plg_system_sortbyfield.sys.ini</language>
    </languages>

</extension>